<?xml version="1.0"?>
<orders><order><delivery><user>NathanRawiri</user><name>example</name><email>example@gmail.com</email><address>example</address><city>example</city><postcode>4000</postcode></delivery><items><item><title>10x Bamboo Drinking Straws</title><price>9.99</price></item></items></order><order><delivery><user>NathanRawiri</user><name>example</name><email>example@gmail.com</email><address>example</address><city>example</city><postcode>4000</postcode></delivery><items><item><title>10x Bamboo Drinking Straws</title><price>9.99</price></item></items></order><order><delivery><user>NathanRawiri</user><name>example</name><email>example@gmail.com</email><address>example</address><city>example</city><postcode>4000</postcode></delivery><items><item><title>10x Bamboo Drinking Straws</title><price>9.99</price></item></items></order><order><delivery><user>NathanRawiri</user><name>Nathan Rawiri</name><email>rawirinathan@gmail.com</email><address>111 Mary Street</address><city>BRISBANE CITY</city><postcode>4000</postcode></delivery><items/></order><order><delivery><user>NathanRawiri</user><name>Nathan Rawiri</name><email>rawirinathan@gmail.com</email><address>111 Mary Street</address><city>BRISBANE CITY</city><postcode>4000</postcode></delivery><items><item><title>10x Bamboo Drinking Straws</title><price>9.99</price></item></items></order><order><delivery><user>NathanRawiri</user><name>Nathan Rawiri</name><email>rawirinathan@gmail.com</email><address>111 Mary Street</address><city>BRISBANE CITY</city><postcode>4000</postcode></delivery><items/></order><order><delivery><user>NathanRawiri</user><name>example</name><email>example@gmail.com</email><address>example</address><city>example</city><postcode>4000</postcode></delivery><items><item><title>10x Bamboo Drinking Straws</title><price>9.99</price></item></items></order><order><delivery><user>NathanRawiri</user><name>example</name><email>example@gmail.com</email><address>example</address><city>example</city><postcode>4000</postcode></delivery><items/></order><order><delivery><user>NathanRawiri</user><name>example</name><email>example@gmail.com</email><address>example</address><city>example</city><postcode>4000</postcode></delivery><items><item><title>10x Bamboo Drinking Straws</title><price>9.99</price></item></items></order><order><delivery><user>NathanRawiri</user><name>example</name><email>example@gmail.com</email><address>example</address><city>example</city><postcode>4000</postcode></delivery><items><item><title>10x Bamboo Drinking Straws</title><price>9.99</price></item></items></order><order><delivery><user>NathanRawiri</user><name>example</name><email>example@gmail.com</email><address>example</address><city>example</city><postcode>4000</postcode></delivery><items><item><title>10x Bamboo Drinking Straws</title><price>9.99</price></item></items></order><order><delivery><user>NathanRawiri</user><name>example</name><email>example@gmail.com</email><address>example</address><city>example</city><postcode>4000</postcode></delivery><items><item><title>10x Bamboo Drinking Straws</title><price>9.99</price></item></items></order><order><delivery><user>NathanRawiri</user><name>example</name><email>example@gmail.com</email><address>example</address><city>example</city><postcode>4000</postcode></delivery><items/></order><order><delivery><user>NathanRawiri</user><name>example</name><email>example@gmail.com</email><address>example</address><city>example</city><postcode>4000</postcode></delivery><items><item><title>10x Bamboo Drinking Straws</title><price>9.99</price></item></items></order><order><delivery><user>NathanRawiri</user><name>example</name><email>example@gmail.com</email><address>example</address><city>example</city><postcode>4000</postcode></delivery><items><item><title>10x Bamboo Drinking Straws</title><price>9.99</price></item></items></order><order><delivery><user>RawNa</user><name>example</name><email>example@gmail.com</email><address>example</address><city>example</city><postcode>4000</postcode></delivery><items><item><title>10x Bamboo Drinking Straws</title><price>9.99</price></item></items></order><order><delivery><user>RawNa</user><name>example</name><email>example@gmail.com</email><address>example</address><city>example</city><postcode>4000</postcode></delivery><items/></order><order><delivery><user>RawNa</user><name>example</name><email>example@gmail.com</email><address>example</address><city>example</city><postcode>4000</postcode></delivery><items/></order><order><delivery><user>RawNa</user><name>example</name><email>example@gmail.com</email><address>example</address><city>example</city><postcode>4000</postcode></delivery><items/></order><order><delivery><user>RawNa</user><name>example</name><email>example@gmail.com</email><address>example</address><city>example</city><postcode>4000</postcode></delivery><items/></order><order><delivery><user>RawNa</user><name>example</name><email>example@gmail.com</email><address>example</address><city>example</city><postcode>4000</postcode></delivery><items/></order><order><delivery><user>NathanRawiri</user><name>example</name><email>example@gmail.com</email><address>example</address><city>example</city><postcode>4000</postcode></delivery><items><item><title>10x Bamboo Drinking Straws</title><price>9.99</price></item></items></order><order><delivery><user>NathanRawiri</user><name>example</name><email>example@gmail.com</email><address>example</address><city>example</city><postcode>4000</postcode></delivery><items/></order><order><delivery><user>NathanRawiri</user><name>example</name><email>example@gmail.com</email><address>example</address><city>example</city><postcode>4000</postcode></delivery><items/></order><order><delivery><user>NathanRawiri</user><name>example</name><email>example@gmail.com</email><address>example</address><city>example</city><postcode>4000</postcode></delivery><items/></order><order><delivery><user>NathanRawiri</user><name>example</name><email>example@gmail.com</email><address>example</address><city>example</city><postcode>4000</postcode></delivery><items><item><title>10x Bamboo Drinking Straws</title><price>9.99</price></item></items></order><order><delivery><user>NathanRawiri</user><name>example</name><email>example@gmail.com</email><address>example</address><city>example</city><postcode>4000</postcode></delivery><items/></order><order><delivery><user>NathanRawiri</user><name>example</name><email>example@gmail.com</email><address>example</address><city>example</city><postcode>4000</postcode></delivery><items><item><title>10x Bamboo Drinking Straws</title><price>9.99</price></item></items></order><order><delivery><user>NathanRawiri</user><name>example</name><email>example@gmail.com</email><address>example</address><city>example</city><postcode>4000</postcode></delivery><items><item><title>10x Bamboo Drinking Straws</title><price>9.99</price></item></items></order><order><delivery><user>RawNatural</user><name>example</name><email>example@gmail.com</email><address>example</address><city>example</city><postcode>4000</postcode></delivery><items><item><title>10x Bamboo Drinking Straws</title><price>9.99</price></item></items></order><order><delivery><user>RawNatural</user><name>example</name><email>example@gmail.com</email><address>example</address><city>example</city><postcode>4000</postcode></delivery><items><item><title>10x Bamboo Drinking Straws</title><price>9.99</price></item><item><title>10x Bamboo Drinking Straws</title><price>9.99</price></item></items></order><order><delivery><user>RawNatural</user><name>example</name><email>example@gmail.com</email><address>example</address><city>example</city><postcode>4000</postcode></delivery><items><item><title>10x Bamboo Drinking Straws</title><price>9.99</price></item><item><title>10x Bamboo Drinking Straws</title><price>9.99</price></item></items></order><order><delivery><user>RawNatural</user><name>example</name><email>example@gmail.com</email><address>example</address><city>example</city><postcode>4000</postcode></delivery><items><item><title>10x Bamboo Drinking Straws</title><price>9.99</price></item><item><title>10x Bamboo Drinking Straws</title><price>9.99</price></item></items></order><order><delivery><user>RawNatural</user><name>example</name><email>example@gmail.com</email><address>example</address><city>example</city><postcode>4000</postcode></delivery><items><item><title>10x Bamboo Drinking Straws</title><price>9.99</price></item><item><title>10x Bamboo Drinking Straws</title><price>9.99</price></item></items></order><order><delivery><user>RawNatural</user><name>example</name><email>example@gmail.com</email><address>example</address><city>example</city><postcode>4000</postcode></delivery><items><item><title>10x Bamboo Drinking Straws</title><price>9.99</price></item><item><title>10x Bamboo Drinking Straws</title><price>9.99</price></item></items></order><order><delivery><user>RawNatural</user><name>example</name><email>example@gmail.com</email><address>example</address><city>example</city><postcode>4000</postcode></delivery><items><item><title>10x Bamboo Drinking Straws</title><price>9.99</price></item><item><title>10x Bamboo Drinking Straws</title><price>9.99</price></item></items></order><order><delivery><user>RawNatural</user><name>example</name><email>example@gmail.com</email><address>example</address><city>example</city><postcode>4000</postcode></delivery><items><item><title>10x Bamboo Drinking Straws</title><price>9.99</price></item><item><title>10x Bamboo Drinking Straws</title><price>9.99</price></item></items></order><order><delivery><user>RawNatural</user><name>example</name><email>example@gmail.com</email><address>example</address><city>example</city><postcode>4000</postcode></delivery><items><item><title>10x Bamboo Drinking Straws</title><price>9.99</price></item><item><title>10x Bamboo Drinking Straws</title><price>9.99</price></item></items></order><order><delivery><user>RawNatural</user><name>example</name><email>example@gmail.com</email><address>example</address><city>example</city><postcode>4000</postcode></delivery><items><item><title>10x Bamboo Drinking Straws</title><price>9.99</price></item><item><title>10x Bamboo Drinking Straws</title><price>9.99</price></item></items></order><order><delivery><user>RawNatural</user><name>example</name><email>example@gmail.com</email><address>example</address><city>example</city><postcode>4000</postcode></delivery><items><item><title>10x Bamboo Drinking Straws</title><price>9.99</price></item><item><title>10x Bamboo Drinking Straws</title><price>9.99</price></item></items></order><order><delivery><user>RawNatural</user><name>example</name><email>example@gmail.com</email><address>example</address><city>example</city><postcode>4000</postcode></delivery><items><item><title>10x Bamboo Drinking Straws</title><price>9.99</price></item><item><title>10x Bamboo Drinking Straws</title><price>9.99</price></item></items></order><order><delivery><user>RawNatural</user><name>example</name><email>example@gmail.com</email><address>example</address><city>example</city><postcode>4000</postcode></delivery><items><item><title>10x Bamboo Drinking Straws</title><price>9.99</price></item><item><title>10x Bamboo Drinking Straws</title><price>9.99</price></item><item><title>10x Bamboo Drinking Straws</title><price>9.99</price></item></items></order><order><delivery><user>RawNatural</user><name>example</name><email>example@gmail.com</email><address>example</address><city>example</city><postcode>4000</postcode></delivery><items><item><title>10x Bamboo Drinking Straws</title><price>9.99</price></item><item><title>10x Bamboo Drinking Straws</title><price>9.99</price></item><item><title>10x Bamboo Drinking Straws</title><price>9.99</price></item></items></order><order><delivery><user>RawNatural</user><name>example</name><email>example@gmail.com</email><address>example</address><city>example</city><postcode>4000</postcode></delivery><items><item><title>10x Bamboo Drinking Straws</title><price>9.99</price></item></items></order><order><delivery><user>RawNatural</user><name>example</name><email>example@gmail.com</email><address>example</address><city>example</city><postcode>4000</postcode></delivery><items><item><title>10x Bamboo Drinking Straws</title><price>9.99</price></item></items></order><order><delivery><user>RawNatural</user><name>example</name><email>example@gmail.com</email><address>example</address><city>example</city><postcode>4000</postcode></delivery><items><item><title>10x Bamboo Drinking Straws</title><price>9.99</price></item></items></order><order><delivery><user>Best Test Guy</user><name>example</name><email>example@gmail.com</email><address>example</address><city>example</city><postcode>4000</postcode></delivery><items><item><title>10x Bamboo Drinking Straws</title><price>9.99</price></item></items></order><order><delivery><user>Best Test Guy</user><name>example</name><email>example@gmail.com</email><address>example</address><city>example</city><postcode>4000</postcode></delivery><items><item><title>10x Bamboo Drinking Straws</title><price>9.99</price></item></items></order><order><delivery><user>Best Test Guy</user><name>example</name><email>example@gmail.com</email><address>example</address><city>example</city><postcode>4000</postcode></delivery><items><item><title>10x Bamboo Drinking Straws</title><price>9.99</price></item></items></order><order><delivery><user>Best Test Guy</user><name>example</name><email>example@gmail.com</email><address>example</address><city>example</city><postcode>4000</postcode></delivery><items><item><title>10x Bamboo Drinking Straws</title><price>9.99</price></item></items></order><order><delivery><user>Best Test Guy</user><name>example</name><email>example@gmail.com</email><address>example</address><city>example</city><postcode>4000</postcode></delivery><items><item><title>10x Bamboo Drinking Straws</title><price>9.99</price></item></items></order><order><delivery><user>Best Test Guy</user><name>example</name><email>example@gmail.com</email><address>example</address><city>example</city><postcode>4000</postcode></delivery><items><item><title>10x Bamboo Drinking Straws</title><price>9.99</price></item></items></order><order><delivery><user>Best Test Guy</user><name>example</name><email>example@gmail.com</email><address>example</address><city>example</city><postcode>4000</postcode></delivery><items><item><title>10x Bamboo Drinking Straws</title><price>9.99</price></item></items></order><order><delivery><user>Best Test Guy</user><name>example</name><email>example@gmail.com</email><address>example</address><city>example</city><postcode>4000</postcode></delivery><items><item><title>10x Bamboo Drinking Straws</title><price>9.99</price></item></items></order><order><delivery><user>Best Test Guy</user><name>example</name><email>example@gmail.com</email><address>example</address><city>example</city><postcode>4000</postcode></delivery><items><item><title>10x Bamboo Drinking Straws</title><price>9.99</price></item></items></order><order><delivery><user>Best Test Guy</user><name>example</name><email>example@gmail.com</email><address>example</address><city>example</city><postcode>4000</postcode></delivery><items><item><title>10x Bamboo Drinking Straws</title><price>9.99</price></item></items></order><order><delivery><user>Best Test Guy</user><name>example</name><email>example@gmail.com</email><address>example</address><city>example</city><postcode>4000</postcode></delivery><items><item><title>10x Bamboo Drinking Straws</title><price>9.99</price></item></items></order><order><delivery><user>Best Test Guy</user><name>example</name><email>example@gmail.com</email><address>example</address><city>example</city><postcode>4000</postcode></delivery><items><item><title>10x Bamboo Drinking Straws</title><price>9.99</price></item><item><title>10x Bamboo Drinking Straws</title><price>9.99</price></item></items></order><order><delivery><user>RawNatural</user><name>example</name><email>example@gmail.com</email><address>example</address><city>example</city><postcode>4000</postcode></delivery><items><item><title>10x Bamboo Drinking Straws</title><price>9.99</price></item></items></order><order><delivery><user>Nathanrrr</user><name>example</name><email>example@gmail.com</email><address>example</address><city>example</city><postcode>4000</postcode></delivery><items><item><title>10x Bamboo Drinking Straws</title><price>9.99</price></item><item><title>10x Bamboo Drinking Straws</title><price>9.99</price></item><item><title>10x Bamboo Drinking Straws</title><price>9.99</price></item></items></order><order><delivery><user>Nathanrrr</user><name>example</name><email>example@gmail.com</email><address>example</address><city>example</city><postcode>4000</postcode></delivery><items><item><title>10x Bamboo Drinking Straws</title><price>9.99</price></item><item><title>10x Bamboo Drinking Straws</title><price>9.99</price></item><item><title>10x Bamboo Drinking Straws</title><price>9.99</price></item></items></order><order><delivery><user>Nathanrrr</user><name>example</name><email>example@gmail.com</email><address>example</address><city>example</city><postcode>4000</postcode></delivery><items><item><title>10x Bamboo Drinking Straws</title><price>9.99</price></item><item><title>10x Bamboo Drinking Straws</title><price>9.99</price></item><item><title>10x Bamboo Drinking Straws</title><price>9.99</price></item></items></order><order><delivery><user>Nathanrrr</user><name>example</name><email>example@gmail.com</email><address>example</address><city>example</city><postcode>4000</postcode></delivery><items><item><title>10x Bamboo Drinking Straws</title><price>9.99</price></item><item><title>10x Bamboo Drinking Straws</title><price>9.99</price></item><item><title>10x Bamboo Drinking Straws</title><price>9.99</price></item></items></order><order><delivery><user>Nathanrrr</user><name>example</name><email>example@gmail.com</email><address>example</address><city>example</city><postcode>4000</postcode></delivery><items><item><title>10x Bamboo Drinking Straws</title><price>9.99</price></item><item><title>10x Bamboo Drinking Straws</title><price>9.99</price></item><item><title>10x Bamboo Drinking Straws</title><price>9.99</price></item></items></order><order><delivery><user>Nathanrrr</user><name>example</name><email>example@gmail.com</email><address>example</address><city>example</city><postcode>4000</postcode></delivery><items><item><title>10x Bamboo Drinking Straws</title><price>9.99</price></item><item><title>10x Bamboo Drinking Straws</title><price>9.99</price></item><item><title>10x Bamboo Drinking Straws</title><price>9.99</price></item></items></order><order><delivery><user>Nathanrrr</user><name>example</name><email>example@gmail.com</email><address>example</address><city>example</city><postcode>4000</postcode></delivery><items><item><title>10x Bamboo Drinking Straws</title><price>9.99</price></item><item><title>10x Bamboo Drinking Straws</title><price>9.99</price></item><item><title>10x Bamboo Drinking Straws</title><price>9.99</price></item></items></order><order><delivery><user>Nathanrrr</user><name>example</name><email>example@gmail.com</email><address>example</address><city>example</city><postcode>4000</postcode></delivery><items><item><title>10x Bamboo Drinking Straws</title><price>9.99</price></item><item><title>10x Bamboo Drinking Straws</title><price>9.99</price></item><item><title>10x Bamboo Drinking Straws</title><price>9.99</price></item></items></order><order><delivery><user>Nathanrrr</user><name>example</name><email>example@gmail.com</email><address>example</address><city>example</city><postcode>4000</postcode></delivery><items><item><title>10x Bamboo Drinking Straws</title><price>9.99</price></item><item><title>10x Bamboo Drinking Straws</title><price>9.99</price></item><item><title>10x Bamboo Drinking Straws</title><price>9.99</price></item></items></order><order><delivery><user>Nathanrrr</user><name>example</name><email>example@gmail.com</email><address>example</address><city>example</city><postcode>4000</postcode></delivery><items><item><title>10x Bamboo Drinking Straws</title><price>9.99</price></item><item><title>10x Bamboo Drinking Straws</title><price>9.99</price></item><item><title>10x Bamboo Drinking Straws</title><price>9.99</price></item></items></order><order><delivery><user>RawNatural</user><name>example</name><email>example@gmail.com</email><address>example</address><city>example</city><postcode>4000</postcode></delivery><items><item><title>10x Bamboo Drinking Straws</title><price>9.99</price></item><item><title>10x Bamboo Drinking Straws</title><price>9.99</price></item><item><title>10x Bamboo Drinking Straws</title><price>9.99</price></item></items></order><order><delivery><user>RawNatural</user><name>example</name><email>example@gmail.com</email><address>example</address><city>example</city><postcode>4000</postcode></delivery><items><item><title>10x Bamboo Drinking Straws</title><price>9.99</price></item><item><title>10x Bamboo Drinking Straws</title><price>9.99</price></item><item><title>10x Bamboo Drinking Straws</title><price>9.99</price></item></items></order><order><delivery><user>RawNatural</user><name>example</name><email>example@gmail.com</email><address>example</address><city>example</city><postcode>4000</postcode></delivery><items><item><title>10x Bamboo Drinking Straws</title><price>9.99</price></item><item><title>10x Bamboo Drinking Straws</title><price>9.99</price></item><item><title>10x Bamboo Drinking Straws</title><price>9.99</price></item></items></order><order><delivery><user>RawNatural</user><name>example</name><email>example@gmail.com</email><address>example</address><city>example</city><postcode>4000</postcode></delivery><items><item><title>10x Bamboo Drinking Straws</title><price>9.99</price></item><item><title>10x Bamboo Drinking Straws</title><price>9.99</price></item><item><title>10x Bamboo Drinking Straws</title><price>9.99</price></item></items></order><order><delivery><user>RawNatural</user><name>example</name><email>example@gmail.com</email><address>example</address><city>example</city><postcode>4000</postcode></delivery><items><item><title>10x Bamboo Drinking Straws</title><price>9.99</price></item><item><title>10x Bamboo Drinking Straws</title><price>9.99</price></item><item><title>10x Bamboo Drinking Straws</title><price>9.99</price></item></items></order><order><delivery><user>RawNatural</user><name>example</name><email>example@gmail.com</email><address>example</address><city>example</city><postcode>4000</postcode></delivery><items><item><title>10x Bamboo Drinking Straws</title><price>9.99</price></item><item><title>10x Bamboo Drinking Straws</title><price>9.99</price></item><item><title>10x Bamboo Drinking Straws</title><price>9.99</price></item></items></order><order><delivery><user>RawNatural</user><name>example</name><email>example@gmail.com</email><address>example</address><city>example</city><postcode>4000</postcode></delivery><items><item><title>10x Bamboo Drinking Straws</title><price>9.99</price></item><item><title>10x Bamboo Drinking Straws</title><price>9.99</price></item><item><title>10x Bamboo Drinking Straws</title><price>9.99</price></item></items></order><order><delivery><user>RawNatural</user><name>example</name><email>example@gmail.com</email><address>example</address><city>example</city><postcode>4000</postcode></delivery><items><item><title>10x Bamboo Drinking Straws</title><price>9.99</price></item><item><title>10x Bamboo Drinking Straws</title><price>9.99</price></item><item><title>10x Bamboo Drinking Straws</title><price>9.99</price></item></items></order><order><delivery><user>RawNatural</user><name>example</name><email>example@gmail.com</email><address>example</address><city>example</city><postcode>4000</postcode></delivery><items><item><title>10x Bamboo Drinking Straws</title><price>9.99</price></item><item><title>10x Bamboo Drinking Straws</title><price>9.99</price></item><item><title>10x Bamboo Drinking Straws</title><price>9.99</price></item></items></order><order><delivery><user>RawNatural</user><name>example</name><email>example@gmail.com</email><address>example</address><city>example</city><postcode>4000</postcode></delivery><items><item><title>10x Bamboo Drinking Straws</title><price>9.99</price></item><item><title>10x Bamboo Drinking Straws</title><price>9.99</price></item><item><title>10x Bamboo Drinking Straws</title><price>9.99</price></item></items></order><order><delivery><user>RawNatural</user><name>example</name><email>example@gmail.com</email><address>example</address><city>example</city><postcode>4000</postcode></delivery><items><item><title>10x Bamboo Drinking Straws</title><price>9.99</price></item><item><title>10x Bamboo Drinking Straws</title><price>9.99</price></item><item><title>10x Bamboo Drinking Straws</title><price>9.99</price></item></items></order><order><delivery><user>RawNatural</user><name>example</name><email>example@gmail.com</email><address>example</address><city>example</city><postcode>4000</postcode></delivery><items><item><title>10x Bamboo Drinking Straws</title><price>9.99</price></item><item><title>10x Bamboo Drinking Straws</title><price>9.99</price></item><item><title>10x Bamboo Drinking Straws</title><price>9.99</price></item></items></order><order><delivery><user>RawNatural</user><name>example</name><email>example@gmail.com</email><address>example</address><city>example</city><postcode>4000</postcode></delivery><items><item><title>10x Bamboo Drinking Straws</title><price>9.99</price></item><item><title>10x Bamboo Drinking Straws</title><price>9.99</price></item><item><title>10x Bamboo Drinking Straws</title><price>9.99</price></item></items></order><order><delivery><user>RawNatural</user><name>example</name><email>example@gmail.com</email><address>example</address><city>example</city><postcode>4000</postcode></delivery><items><item><title>10x Bamboo Drinking Straws</title><price>9.99</price></item><item><title>10x Bamboo Drinking Straws</title><price>9.99</price></item><item><title>10x Bamboo Drinking Straws</title><price>9.99</price></item></items></order><order><delivery><user>RawNatural</user><name>example</name><email>example@gmail.com</email><address>example</address><city>example</city><postcode>4000</postcode></delivery><items><item><title>10x Bamboo Drinking Straws</title><price>9.99</price></item><item><title>10x Bamboo Drinking Straws</title><price>9.99</price></item><item><title>10x Bamboo Drinking Straws</title><price>9.99</price></item></items></order><order><delivery><user>RawNatural</user><name>example</name><email>example@gmail.com</email><address>example</address><city>example</city><postcode>4000</postcode></delivery><items><item><title>10x Bamboo Drinking Straws</title><price>9.99</price></item><item><title>10x Bamboo Drinking Straws</title><price>9.99</price></item><item><title>10x Bamboo Drinking Straws</title><price>9.99</price></item></items></order><order><delivery><user>RawNatural</user><name>example</name><email>example@gmail.com</email><address>example</address><city>example</city><postcode>4000</postcode></delivery><items><item><title>10x Bamboo Drinking Straws</title><price>9.99</price></item><item><title>10x Bamboo Drinking Straws</title><price>9.99</price></item><item><title>10x Bamboo Drinking Straws</title><price>9.99</price></item></items></order><order><delivery><user>RawNatural</user><name>example</name><email>example@gmail.com</email><address>example</address><city>example</city><postcode>4000</postcode></delivery><items><item><title>10x Bamboo Drinking Straws</title><price>9.99</price></item><item><title>10x Bamboo Drinking Straws</title><price>9.99</price></item><item><title>10x Bamboo Drinking Straws</title><price>9.99</price></item></items></order><order><delivery><user>RawNatural</user><name>example</name><email>example@gmail.com</email><address>example</address><city>example</city><postcode>4000</postcode></delivery><items><item><title>10x Bamboo Drinking Straws</title><price>9.99</price></item><item><title>10x Bamboo Drinking Straws</title><price>9.99</price></item><item><title>10x Bamboo Drinking Straws</title><price>9.99</price></item></items></order><order><delivery><user>RawNatural</user><name>example</name><email>example@gmail.com</email><address>example</address><city>example</city><postcode>4000</postcode></delivery><items><item><title>10x Bamboo Drinking Straws</title><price>9.99</price></item><item><title>10x Bamboo Drinking Straws</title><price>9.99</price></item><item><title>10x Bamboo Drinking Straws</title><price>9.99</price></item></items></order><order><delivery><user>RawNatural</user><name>example</name><email>example@gmail.com</email><address>example</address><city>example</city><postcode>4000</postcode></delivery><items><item><title>10x Bamboo Drinking Straws</title><price>9.99</price></item><item><title>10x Bamboo Drinking Straws</title><price>9.99</price></item><item><title>10x Bamboo Drinking Straws</title><price>9.99</price></item></items></order><order><delivery><user>RawNatural</user><name>example</name><email>example@gmail.com</email><address>example</address><city>example</city><postcode>4000</postcode></delivery><items><item><title>10x Bamboo Drinking Straws</title><price>9.99</price></item><item><title>10x Bamboo Drinking Straws</title><price>9.99</price></item><item><title>10x Bamboo Drinking Straws</title><price>9.99</price></item></items></order><order><delivery><user>RawNatural</user><name>example</name><email>example@gmail.com</email><address>example</address><city>example</city><postcode>4000</postcode></delivery><items><item><title>10x Bamboo Drinking Straws</title><price>9.99</price></item><item><title>10x Bamboo Drinking Straws</title><price>9.99</price></item><item><title>10x Bamboo Drinking Straws</title><price>9.99</price></item></items></order><order><delivery><user>RawNatural</user><name>example</name><email>example@gmail.com</email><address>example</address><city>example</city><postcode>4000</postcode></delivery><items><item><title>10x Bamboo Drinking Straws</title><price>9.99</price></item><item><title>10x Bamboo Drinking Straws</title><price>9.99</price></item><item><title>10x Bamboo Drinking Straws</title><price>9.99</price></item></items></order><order><delivery><user>RawNatural</user><name>example</name><email>example@gmail.com</email><address>example</address><city>example</city><postcode>4000</postcode></delivery><items><item><title>10x Bamboo Drinking Straws</title><price>9.99</price></item><item><title>10x Bamboo Drinking Straws</title><price>9.99</price></item><item><title>10x Bamboo Drinking Straws</title><price>9.99</price></item><item><title>10x Bamboo Drinking Straws</title><price>9.99</price></item></items></order><order><delivery><user>RawNatural</user><name>example</name><email>example@gmail.com</email><address>example</address><city>example</city><postcode>4000</postcode></delivery><items><item><title>10x Bamboo Drinking Straws</title><price>9.99</price></item></items></order><order><delivery><user>RawNatural</user><name>example</name><email>example@gmail.com</email><address>example</address><city>example</city><postcode>4000</postcode></delivery><items><item><title>10x Bamboo Drinking Straws</title><price>9.99</price></item></items></order><order><delivery><user>RawNatural</user><name>example</name><email>example@gmail.com</email><address>example</address><city>example</city><postcode>4000</postcode></delivery><items><item><title>10x Bamboo Drinking Straws</title><price>9.99</price></item></items></order></orders>
